Source,Headline,PubDate
MarketWatch,Is the Times Square New Year’s Eve ball drop on your bucket list? Here’s why life goals like that aren’t worth the time or money.,"Thu, 01 Jan 2026 03:27:00 GMT"
MarketWatch,‘I’m fed up’: My selfish mother-in-law has controlled me for 30 years. How can I regain my power?,"Thu, 01 Jan 2026 00:21:00 GMT"
MarketWatch,Here are 5 key charts that defined a wild year for global financial markets,"Thu, 01 Jan 2026 00:19:00 GMT"
MarketWatch,I’m afraid my financial adviser will steal my money. I’ve read too many cautionary tales. How can I be sure?,"Wed, 31 Dec 2025 23:00:00 GMT"
MarketWatch,‘So much for holiday cheer’: I saw a guest take a bottle of wine as they left a Christmas party. Do I tell the host?,"Wed, 31 Dec 2025 22:45:00 GMT"
MarketWatch,‘I completely trust her’: Should I name my daughter as beneficiary on all my accounts — or add her name instead?,"Wed, 31 Dec 2025 22:15:00 GMT"
MarketWatch,‘We never want to think our children would strip us of all our money’: Is it safe to give my kids my Social Security number?,"Wed, 31 Dec 2025 21:47:00 GMT"
MarketWatch,‘I’m on a fixed budget’: Silver and gold are now too expensive for me. What else can I gift my infant grandchildren?,"Wed, 31 Dec 2025 21:42:00 GMT"
MarketWatch,Nike CEO joins Tim Cook in betting his own money that the stock is bottoming,"Wed, 31 Dec 2025 21:04:00 GMT"
MarketWatch,"China made the world’s biggest movie this year, and — in a sea change — it didn’t need America’s help","Wed, 31 Dec 2025 21:00:00 GMT"
CNBC,"Stocks making the biggest moves midday: Nike, Corcept Therapeutics, Taiwan Semiconductor & more","Wed, 31 Dec 2025 17:22:36 GMT"
CNBC,"Stocks making the biggest moves premarket: Intel, Hyatt Hotels, Taiwan Semiconductor & more","Wed, 31 Dec 2025 14:33:50 GMT"
CNBC,Warren Buffett’s exit leaves open question: Who runs Berkshire’s $300 billion equity portfolio?,"Wed, 31 Dec 2025 11:28:34 GMT"
CNBC,Europe’s banks have had a stellar year. Now they face one big question in 2026,"Wed, 31 Dec 2025 06:45:04 GMT"
CNBC,"China to restrict silver exports, echoing rare earths playbook","Wed, 31 Dec 2025 04:09:34 GMT"
CNBC,Fed minutes show officials were in tight split over December rate cut,"Tue, 30 Dec 2025 21:37:46 GMT"
CNBC,"Stocks making the biggest moves midday: Molina Healthcare, Intel, AXT, OceanFirst Financial & more","Tue, 30 Dec 2025 21:47:31 GMT"
CNBC,"Stocks making the biggest moves premarket: Applied Digital, Meta Platforms, Boeing & more","Tue, 30 Dec 2025 12:18:29 GMT"
CNBC,China EVs in 2026 look less like a boom and more like a survival test as global expansion ramps up,"Tue, 30 Dec 2025 23:59:49 GMT"
CNBC,"Stocks making the biggest moves midday: Nvidia, Ultragenyx Pharmaceutical, Newmont, DigitalBridge & more","Mon, 29 Dec 2025 19:24:16 GMT"
CNBC,"Silver futures log worst day since 2021, retreating sharply from record","Mon, 29 Dec 2025 21:45:41 GMT"
CNBC,"Stocks making the biggest moves premarket: DigitalBridge, Praxis Precision Medicines, Coupang & more","Mon, 29 Dec 2025 17:12:14 GMT"
CNBC,"China to crack down on AI chatbots around suicide, gambling","Mon, 29 Dec 2025 07:06:35 GMT"
CNBC,"Stocks making the biggest moves midday: Freeport-McMoran, Coupang, Target & more","Fri, 26 Dec 2025 18:50:05 GMT"
CNBC,"Stocks making the biggest moves premarket: Nvidia, Micron, SanDisk & more","Fri, 26 Dec 2025 12:49:56 GMT"
CNBC,"Stocks making the biggest moves premarket: Nike, Dynavax Technologies, UiPath & more","Wed, 24 Dec 2025 12:32:53 GMT"
CNBC,"Stocks making the biggest moves midday: Novo Nordisk, ServiceNow, Freeport-McMoRan, Structure Therapeutics & more","Tue, 23 Dec 2025 17:25:13 GMT"
CNBC,Here's how AI could influence the Fed's economic outlook,"Tue, 23 Dec 2025 15:47:11 GMT"
CNBC,"Citadel to return $5 billion in profit to investors, source says","Tue, 23 Dec 2025 17:24:25 GMT"
CNBC,"Stocks making the biggest moves premarket: Novo Nordisk, Huntington Ingalls Industries, Zim Integrated Shipping Services & more","Tue, 23 Dec 2025 14:15:24 GMT"
CNBC,"Stocks making the biggest moves midday: Dominion Energy, Paramount, Rocket Lab, Stanley Black & Decker and more","Mon, 22 Dec 2025 18:34:28 GMT"
CNBC,"Asset manager Janus Henderson gets bought by Trian, General Catalyst for $7.4 billion","Mon, 22 Dec 2025 15:46:25 GMT"
CNBC,"Stocks making the biggest moves premarket: Honeywell, Strategy, Oracle & more","Mon, 22 Dec 2025 13:30:42 GMT"
CNBC,"Stocks making the biggest moves midday: Lamb Weston, KB Home, Carnival, Oracle, CoreWeave & more","Fri, 19 Dec 2025 18:26:27 GMT"
CNBC,"Stocks making the biggest moves premarket: Oracle, CoreWeave, Nike, Coinbase & more","Fri, 19 Dec 2025 13:14:03 GMT"
CNBC,Waller had a 'strong interview' for Fed chair with Trump as president appears to turn focus to job market,"Fri, 19 Dec 2025 15:51:21 GMT"
CNBC,Friday could be a wild day of trading on Wall Street. Here's why,"Thu, 18 Dec 2025 19:51:24 GMT"
CNBC,"Stocks making the biggest moves midday: Rocket Lab, Trump Media, Lululemon, Micron Technology & more","Thu, 18 Dec 2025 17:24:32 GMT"
CNBC,"Stocks making the biggest moves premarket: Micron Technology, Trump Media, Birkenstock, Lululemon & more","Thu, 18 Dec 2025 12:56:42 GMT"
CNBC,Visa says new AI shopping tool has helped customers with hundreds of transactions ,"Thu, 18 Dec 2025 14:27:40 GMT"
